Workbook

Sheet Telemetry Data
A1: session | B1: version | C1: section | D1: eventtype | E1: time | F1: data
A2: 134 | B2: 1.1-WindowsPlayer | C2: Default | D2: SessionStart | E2: 44651.195 | F2: {}
A3: 134 | B3: 1.1-WindowsPlayer | C3: Default | D3: Position Over Time | E3: 44651.195 | F3: {"x": 0, "y": 5.239999771118164, "z": 0}
A4: 134 | B4: 1.1-WindowsPlayer | C4: Default | D4: Position Over Time | E4: 44651.195 | F4: {"x": 0, "y": 4.6168599128723145, "z": 3.0231614112854004}
A5: 134 | B5: 1.1-WindowsPlayer | C5: Default | D5: Position Over Time | E5: 44651.195 | F5: {"x": 0, "y": 4.6168599128723145, "z": 6.025518417358398}
A6: 134 | B6: 1.1-WindowsPlayer | C6: Default | D6: Position Over Time | E6: 44651.195 | F6: {"x": 0, "y": 4.6168599128723145, "z": 9.02791690826416}
A7: 134 | B7: 1.1-WindowsPlayer | C7: Default | D7: Position Over Time | E7: 44651.195 | F7: {"x": 0, "y": 4.6168599128723145, "z": 12.030305862426758}
A8: 134 | B8: 1.1-WindowsPlayer | C8: Default | D8: Position Over Time | E8: 44651.195 | F8: {"x": 0, "y": 4.6168599128723145, "z": 15.032685279846191}
A9: 134 | B9: 1.1-WindowsPlayer | C9: Default | D9: Position Over Time | E9: 44651.195 | F9: {"x": -0.1782221496105194, "y": 6.134152889251709, "z": 18.035079956054688}
A10: 134 | B10: 1.1-WindowsPlayer | C10: Default | D10: Position Over Time | E10: 44651.195 | F10: {"x": 23.09225845336914, "y": 7.275834560394287, "z": 21.0374755859375}
A11: 134 | B11: 1.1-WindowsPlayer | C11: Default | D11: Position Over Time | E11: 44651.195 | F11: {"x": 57.85315704345703, "y": 33.23391342163086, "z": 24.03987693786621}
A12: 134 | B12: 1.1-WindowsPlayer | C12: Default | D12: Position Over Time | E12: 44651.195 | F12: {"x": 43.33118438720703, "y": 36.98678207397461, "z": 27.042264938354492}
A13: 134 | B13: 1.1-WindowsPlayer | C13: Default | D13: Position Over Time | E13: 44651.195 | F13: {"x": 18.601411819458008, "y": 14.474491119384766, "z": 30.04839324951172}
... A11549: 0 | B11549: 1.0-WindowsEditor | C11549: Default | D11549: SessionStart | E11549: 44642.219 | F11549: {}

Sheet Telemetry Visualize
B4: Session ID | C4: Cookies Collected | D4: Targets Destroyed
B5: 101 | C5: =COUNTIFS(team_big_team[eventtype],"Cookie Collection Time", team_big_team[session],'Telemetry Visualize'!B5) -> 0 | D5: =COUNTIFS(team_big_team[eventtype],"Target Destroyed Time", team_big_team[session],'Telemetry Visualize'!B5) -> 0
B6: =B5+1 -> 102 | C6: =COUNTIFS(team_big_team[eventtype],"Cookie Collection Time", team_big_team[session],'Telemetry Visualize'!B6) -> 7 | D6: =COUNTIFS(team_big_team[eventtype],"Target Destroyed Time", team_big_team[session],'Telemetry Visualize'!B6) -> 1
B7: =B6+1 -> 103 | C7: =COUNTIFS(team_big_team[eventtype],"Cookie Collection Time", team_big_team[session],'Telemetry Visualize'!B7) -> 66 | D7: =COUNTIFS(team_big_team[eventtype],"Target Destroyed Time", team_big_team[session],'Telemetry Visualize'!B7) -> 12
B8: =B7+1 -> 104 | C8: =COUNTIFS(team_big_team[eventtype],"Cookie Collection Time", team_big_team[session],'Telemetry Visualize'!B8) -> 0 | D8: =COUNTIFS(team_big_team[eventtype],"Target Destroyed Time", team_big_team[session],'Telemetry Visualize'!B8) -> 0
B9: =B8+1 -> 105 | C9: =COUNTIFS(team_big_team[eventtype],"Cookie Collection Time", team_big_team[session],'Telemetry Visualize'!B9) -> 0 | D9: =COUNTIFS(team_big_team[eventtype],"Target Destroyed Time", team_big_team[session],'Telemetry Visualize'!B9) -> 0
B10: =B9+1 -> 106 | C10: =COUNTIFS(team_big_team[eventtype],"Cookie Collection Time", team_big_team[session],'Telemetry Visualize'!B10) -> 2 | D10: =COUNTIFS(team_big_team[eventtype],"Target Destroyed Time", team_big_team[session],'Telemetry Visualize'!B10) -> 0
B11: =B10+1 -> 107 | C11: =COUNTIFS(team_big_team[eventtype],"Cookie Collection Time", team_big_team[session],'Telemetry Visualize'!B11) -> 10 | D11: =COUNTIFS(team_big_team[eventtype],"Target Destroyed Time", team_big_team[session],'Telemetry Visualize'!B11) -> 0
B12: =B11+1 -> 108 | C12: =COUNTIFS(team_big_team[eventtype],"Cookie Collection Time", team_big_team[session],'Telemetry Visualize'!B12) -> 0 | D12: =COUNTIFS(team_big_team[eventtype],"Target Destroyed Time", team_big_team[session],'Telemetry Visualize'!B12) -> 0
B13: =B12+1 -> 109 | C13: =COUNTIFS(team_big_team[eventtype],"Cookie Collection Time", team_big_team[session],'Telemetry Visualize'!B13) -> 0 | D13: =COUNTIFS(team_big_team[eventtype],"Target Destroyed Time", team_big_team[session],'Telemetry Visualize'!B13) -> 0
B14: =B13+1 -> 110 | C14: =COUNTIFS(team_big_team[eventtype],"Cookie Collection Time", team_big_team[session],'Telemetry Visualize'!B14) -> 88 | D14: =COUNTIFS(team_big_team[eventtype],"Target Destroyed Time", team_big_team[session],'Telemetry Visualize'!B14) -> 15
B15: =B14+1 -> 111 | C15: =COUNTIFS(team_big_team[eventtype],"Cookie Collection Time", team_big_team[session],'Telemetry Visualize'!B15) -> 63 | D15: =COUNTIFS(team_big_team[eventtype],"Target Destroyed Time", team_big_team[session],'Telemetry Visualize'!B15) -> 12
B16: =B15+1 -> 112 | C16: =COUNTIFS(team_big_team[eventtype],"Cookie Collection Time", team_big_team[session],'Telemetry Visualize'!B16) -> 0 | D16: =COUNTIFS(team_big_team[eventtype],"Target Destroyed Time", team_big_team[session],'Telemetry Visualize'!B16) -> 0
B17: =B16+1 -> 113 | C17: =COUNTIFS(team_big_team[eventtype],"Cookie Collection Time", team_big_team[session],'Telemetry Visualize'!B17) -> 59 | D17: =COUNTIFS(team_big_team[eventtype],"Target Destroyed Time", team_big_team[session],'Telemetry Visualize'!B17) -> 12
... B38: =B37+1 -> 134 | C38: =COUNTIFS(team_big_team[eventtype],"Cookie Collection Time", team_big_team[session],'Telemetry Visualize'!B38) -> 63 | D38: =COUNTIFS(team_big_team[eventtype],"Target Destroyed Time", team_big_team[session],'Telemetry Visualize'!B38) -> 12
